{
  "timestamp": "2025-12-14T01:39:39.372486",
  "total_queries": 59,
  "models": {
    "moonshotai/kimi-k2-instruct-0905": {
      "avg_response_time": 2.9835365263082214,
      "avg_word_count": 272.23728813559325,
      "avg_relevance": 0.5184490180252892,
      "avg_grounding": 0.0,
      "avg_clarity": 0.9966101694915254,
      "avg_no_hallucination": 0.44067796610169485,
      "overall_quality": 0.5260626849609901
    },
    "openai/gpt-oss-120b": {
      "avg_response_time": 4.4462699526447365,
      "avg_word_count": 560.457627118644,
      "avg_relevance": 0.5700564971751413,
      "avg_grounding": 0.0,
      "avg_clarity": 0.9932203389830508,
      "avg_no_hallucination": 0.42033898305084744,
      "overall_quality": 0.5167231638418079
    },
    "meta-llama/llama-4-scout-17b-16e-instruct": {
      "avg_response_time": 2.2577410714100985,
      "avg_word_count": 342.20338983050846,
      "avg_relevance": 0.714911218724778,
      "avg_grounding": 0.0,
      "avg_clarity": 1.0,
      "avg_no_hallucination": 0.41186440677966096,
      "overall_quality": 0.5453551251008878
    },
    "openai/gpt-oss-20b": {
      "avg_response_time": 2.368322263329716,
      "avg_word_count": 395.22033898305085,
      "avg_relevance": 0.5672854452515469,
      "avg_grounding": 0.0,
      "avg_clarity": 0.9932203389830508,
      "avg_no_hallucination": 0.42033898305084744,
      "overall_quality": 0.516168953457089
    },
    "llama-3.1-8b-instant": {
      "avg_response_time": 11.188054056490882,
      "avg_word_count": 323.5762711864407,
      "avg_relevance": 0.7188592951304815,
      "avg_grounding": 0.0,
      "avg_clarity": 1.0,
      "avg_no_hallucination": 0.48305084745762705,
      "overall_quality": 0.5610599946193165
    },
    "llama-3.3-70b-versatile": {
      "avg_response_time": 5.874869621406167,
      "avg_word_count": 307.3050847457627,
      "avg_relevance": 0.7192426688189401,
      "avg_grounding": 0.0,
      "avg_clarity": 1.0,
      "avg_no_hallucination": 0.42033898305084744,
      "overall_quality": 0.5479163303739575
    },
    "qwen/qwen3-32b": {
      "avg_response_time": 5.231830637333757,
      "avg_word_count": 759.4237288135594,
      "avg_relevance": 0.9000941619585687,
      "avg_grounding": 0.0,
      "avg_clarity": 0.9830508474576272,
      "avg_no_hallucination": 0.4440677966101695,
      "overall_quality": 0.585442561205273
    }
  }
}